Brand,Price,Rating
,,
LG G6 - *New in a sealed box* H873 Model - Worldwide Unlocked! 32GB Smartphone,"INR 10,764.81",4.5 out of 5 stars.
,,
LG G6 - *New in a sealed box* H873 Model - Worldwide Unlocked! 32GB Smartphone,"INR 10,764.81",18+ Sold
,,
"New ListingApple iPhone 5s 4"" 16GB Smartphone Sprint A1453 Space Gray Tested","INR 1,076.48",4.5 out of 5 stars.
,,
"New ListingSamsung Galaxy A20 32GB SM-A205G/DS Dual Sim (FACTORY UNLOCKED) 6.4"" -  Black","INR 10,771.99",5.0 out of 5 stars.
,,
Apple iPhone 8 - 64GB - Gold (AT&T) A1905 (GSM),"INR 16,157.99",5.0 out of 5 stars.
,,
Google Pixel 2 XL - 64GB - Black & White (Unlocked) Smartphone,"INR 14,147.22",5.0 out of 5 stars.
,,
Apple iPhone 5s - 32GB - Space Gray (AT&T) A1533 (GSM) w/Box no Accessories,"INR 4,165.17",4.5 out of 5 stars.
,,
*EXCELLENT*LG V30+ Plus LS998 128GB Sprint Black Android Smartphone-SHIPS FAST!!,"INR 13,281.87",4.5 out of 5 stars.
,,
LG V30+ H933 128GB - Black (GSM Unlocked) Smartphone Dual Cam-SHIPS SAME DAY✔✔✔,"INR 10,409.34 to INR 12,204.67",1.0 out of 5 stars.
,,
LG V30+ H933 128GB - Black (GSM Unlocked) Smartphone Dual Cam-SHIPS SAME DAY✔✔✔,"INR 10,409.34 to INR 12,204.67",64+ Sold
,,
MINT Samsung Galaxy S6 SM-G920V 32GB Verizon UNLOCKED cosmetic Issue: BACK,"INR 5,023.34",5.0 out of 5 stars.
,,
"Apple iPhone 7 32GB, 128GB, 256GB CDMA/GSM factory Unlocked AT&T ,Att","INR 14,290.84 to INR 17,163.38",5.0 out of 5 stars.
,,
"Original Unlocked Apple iPhone 6S Smartphone 4.7"" IOS Dual Core A9  16/64/128GB ","INR 14,038.06 to INR 18,266.43",5.0 out of 5 stars.
,,
Apple iPhone 7 - 128GB - Black (Unlocked) A1660 (CDMA + GSM),"INR 15,978.46",4.5 out of 5 stars.
,,
New Samsung Galaxy Note 9 128GB AT&T T-Mobile GSM Unlocked,"INR 43,734.29 to INR 43,805.39",5.0 out of 5 stars.
,,
LG V30 - New in a Box! Worldwide Unlock Smartphone 64G (2 Colors available),"INR 17,228.01",12+ Sold
,,
"SPONSOREDNew ListingSamsung Galaxy A20 32GB SM-A205G/DS Dual Sim (FACTORY UNLOCKED) 6.4"" -  Black","INR 10,771.99",5.0 out of 5 stars.
,,
Samsung Galaxy S8 SM-G950U 64GB AT&T ,"INR 12,925.67",5.0 out of 5 stars.
,,
Apple iPhone 6 64GB Space Gray MG4W2LL/A A1549 no SIM CARD installed ,"INR 1,867.15",4.0 out of 5 stars.
,,
Apple iPhone 6 - 64GB - Space Gray (Unlocked) A1549 (GSM),"INR 6,462.48",4.5 out of 5 stars.
,,
LG V20 - 64GB - Titan (Verizon) Smartphone,"INR 7,181.33",4.5 out of 5 stars.
,,
Apple iPhone 6s - 32GB - Space Gray (Boost Mobile) A1687 (CDMA),"INR 9,335.01",Apple iPhone 6s - 32GB - Space Gray (Boost Mobile) A1687 (CDMA)
,,
"Sony - Xperia 10 I3123 64GB Factory Unlocked Smartphone 6"" / 13MP /Android 9.0","INR 16,175.94",4.5 out of 5 stars.
,,
Samsung Galaxy Note5 32GB Smartphone Unlocked AT&T T-Mobile,"INR 10,053.14",4.5 out of 5 stars.
,,
NEW FACTORY UNLOCKED Samsung Galaxy Note 10+ Plus Smartphone 256GB 12GB Black US,"INR 78,992.46",NEW FACTORY UNLOCKED Samsung Galaxy Note 10+ Plus Smartphone 256GB 12GB Black US
,,
Apple iPhone 7 Plus - 128GB - Jet Black (Sprint) ,"INR 36,624.78",4.5 out of 5 stars.
,,
LG V30 - US998 - Silver - 64GB - GSM/CDMA Unlocked Dual Camera-SAME DAY SHIPPING,"INR 9,691.20",LG V30 - US998 - Silver - 64GB - GSM/CDMA Unlocked Dual Camera-SAME DAY SHIPPING
,,
SPONSOREDVertu Constellation Constellation - Black (Unlocked) Smartphone,"INR 56,732.50",5.0 out of 5 stars.
,,
Google Pixel 32GB - New Worldwide Unlocked Cell Phone (3 colors available),"INR 12,567.32",Google Pixel 32GB - New Worldwide Unlocked Cell Phone (3 colors available)
,,
Apple iPhone 6 - 64GB - Gold (Unlocked) A1549 (CDMA + GSM) IN ORIGINAL BOX ,"INR 10,771.27",4.0 out of 5 stars.
,,
LG G7 ThinQ LGG710PM - 64GB - New Platinum Gray (Sprint),"INR 15,789.59",4.5 out of 5 stars.
,,
"New Blackberry Smart Phone LEAP STR100-2 Factory Unlocked 16GB, 2GB, GSM SIM","INR 14,359.07",4.0 out of 5 stars.
,,
Samsung Galaxy Note 3 - New in sealed Box! Worldwide Unlock Smartphone! ,"INR 10,046.68",Samsung Galaxy Note 3 - New in sealed Box! Worldwide Unlock Smartphone! 
,,
Apple iPhone 6 - 16GB - Gold (Unlocked) A1549 (GSM) MG4Q2LL,"INR 14,542.19",4.5 out of 5 stars.
,,
Google Pixel 3 - 64GB - Just Black (Unlocked) Smartphone,"INR 28,724.60",4.5 out of 5 stars.
,,
Apple iPhone 6s Plus 16GB Factory Unlocked AT&T T-Mobile,"INR 12,925.67 to INR 16,516.34",5.0 out of 5 stars.
,,
New ListingApple iPhone 7 Plus - 32GB - Gold (Unlocked) A1661 (CDMA + GSM),"INR 11,526.03",4.5 out of 5 stars.
,,
Apple iPhone 7 - 32GB - Matte Black A1778 screen chip,"INR 12,567.32",4.5 out of 5 stars.
,,
New ListingApple iPhone X - 64GB - Space Gray (Sprint) A1865 (CDMA + GSM),"INR 14,542.19",4.5 out of 5 stars.
,,
Apple IPHONE 6S Plus 16 GB Silver Verizon ~Mint Condition~,"INR 9,300.54",4.5 out of 5 stars.
